{"cameraMode":{"drawMode":0,"name":"Shaded","section":"Shading Mode"},"sceneLighting":false,"audioPlay":false,"sceneViewState":{"m_AlwaysRefresh":false,"showFog":true,"showSkybox":false,"showFlares":true,"showImageEffects":true,"showParticleSystems":true,"showVisualEffectGraphs":true,"m_FxEnabled":true},"in2DMode":false,"pivot":{"x":4.6206464767456059,"y":12.271452903747559,"z":-5.72835636138916},"rotation":{"x":0.30981606245040896,"y":-0.002282914239913225,"z":0.0007416292792186141,"w":0.9508009552955627},"size":0.33870428800582888,"orthographic":false}